,de_hyd_state,cycle_number,time_start,time_end,cycle_duration
0,Dehydrogenated,0.0,2022-03-31 13:41:43.133000+02:00,2022-04-19 15:35:42.436000+02:00,"19 days, 1:53:59.303000"
1,Hydrogenated,0.5,2022-04-19 15:50:42.444000+02:00,2022-05-04 10:24:27.660000+02:00,"14 days, 18:33:45.216000"
2,Dehydrogenated,1.0,2022-05-04 10:39:27.710000+02:00,2022-05-04 12:54:27.930000+02:00,2:15:00.220000
3,Hydrogenated,1.5,2022-05-04 13:09:27.770000+02:00,2022-05-04 15:09:27.151000+02:00,1:59:59.381000
4,Dehydrogenated,2.0,2022-05-04 15:24:27.146000+02:00,2022-05-04 17:39:27.181000+02:00,2:15:00.035000
5,Hydrogenated,2.5,2022-05-04 17:54:27.175000+02:00,2022-05-06 09:55:31.707000+02:00,"1 day, 16:01:04.532000"
6,Dehydrogenated,3.0,2022-05-06 10:10:31.734000+02:00,2022-05-06 13:25:31.780000+02:00,3:15:00.046000
7,Hydrogenated,3.5,2022-05-06 13:40:31.780000+02:00,2022-05-06 16:40:31.773000+02:00,2:59:59.993000
8,Dehydrogenated,4.0,2022-05-06 16:55:31.770000+02:00,2022-05-06 19:55:31.831000+02:00,3:00:00.061000
9,Hydrogenated,4.5,2022-05-06 20:10:31.817000+02:00,2022-05-09 09:10:14.667000+02:00,"2 days, 12:59:42.850000"
10,Dehydrogenated,5.0,2022-05-09 09:25:14.661000+02:00,2022-05-09 13:40:14.674000+02:00,4:15:00.013000
11,Hydrogenated,5.5,2022-05-09 13:55:14.688000+02:00,2022-05-09 17:55:14.744000+02:00,4:00:00.056000
12,Dehydrogenated,6.0,2022-05-09 18:10:14.728000+02:00,2022-05-09 22:10:14.764000+02:00,4:00:00.036000
13,Hydrogenated,6.5,2022-05-09 22:25:14.763000+02:00,2022-05-10 11:19:29.349000+02:00,12:54:14.586000
14,Dehydrogenated,7.0,2022-05-10 11:34:29.347000+02:00,2022-05-10 15:49:29.346000+02:00,4:14:59.999000
15,Hydrogenated,7.5,2022-05-10 16:04:29.338000+02:00,2022-05-10 20:04:29.400000+02:00,4:00:00.062000
16,Dehydrogenated,8.0,2022-05-10 20:19:29.394000+02:00,2022-05-11 00:19:29.478000+02:00,4:00:00.084000
17,Hydrogenated,8.5,2022-05-11 00:34:29.476000+02:00,2022-05-11 04:34:29.505000+02:00,4:00:00.029000
18,Dehydrogenated,9.0,2022-05-11 04:49:29.493000+02:00,2022-05-11 09:00:39.529000+02:00,4:11:10.036000
19,Hydrogenated,9.5,2022-05-11 09:15:39.536000+02:00,2022-05-11 13:15:39.571000+02:00,4:00:00.035000
20,Dehydrogenated,10.0,2022-05-11 13:30:39.579000+02:00,2022-05-11 17:45:39.643000+02:00,4:15:00.064000
21,Hydrogenated,10.5,2022-05-11 18:00:39.637000+02:00,2022-05-11 22:00:39.666000+02:00,4:00:00.029000
22,Dehydrogenated,11.0,2022-05-11 22:15:39.681000+02:00,2022-05-12 02:15:39.738000+02:00,4:00:00.057000
23,Hydrogenated,11.5,2022-05-12 02:30:39.727000+02:00,2022-05-12 04:45:39.750000+02:00,2:15:00.023000
24,Dehydrogenated,12.0,2022-05-12 10:23:30.808000+02:00,2022-05-12 11:01:08.849000+02:00,0:37:38.041000
25,Hydrogenated,12.5,2022-05-12 11:16:08.844000+02:00,2022-05-12 15:16:08.851000+02:00,4:00:00.007000
26,Dehydrogenated,13.0,2022-05-12 15:31:08.847000+02:00,2022-05-12 19:46:08.895000+02:00,4:15:00.048000
27,Hydrogenated,13.5,2022-05-12 20:01:08.898000+02:00,2022-05-13 00:01:08.951000+02:00,4:00:00.053000
28,Dehydrogenated,14.0,2022-05-13 00:16:08.947000+02:00,2022-05-13 04:16:08.973000+02:00,4:00:00.026000
29,Hydrogenated,14.5,2022-05-13 04:31:08.994000+02:00,2022-05-13 08:30:39.430000+02:00,3:59:30.436000
30,Dehydrogenated,15.0,2022-05-13 08:45:39.380000+02:00,2022-05-13 12:58:56.108000+02:00,4:13:16.728000
31,Hydrogenated,15.5,2022-05-13 13:13:56.106000+02:00,2022-05-13 17:13:56.211000+02:00,4:00:00.105000
32,Dehydrogenated,16.0,2022-05-13 17:28:56.216000+02:00,2022-05-13 21:43:56.349000+02:00,4:15:00.133000
33,Hydrogenated,16.5,2022-05-13 21:58:56.343000+02:00,2022-05-16 13:13:15.493000+02:00,"2 days, 15:14:19.150000"
34,Dehydrogenated,17.0,2022-05-16 13:28:15.557000+02:00,2022-05-16 17:41:29.605000+02:00,4:13:14.048000
35,Hydrogenated,17.5,2022-05-16 17:56:29.555000+02:00,2022-05-16 21:56:29.634000+02:00,4:00:00.079000
36,Dehydrogenated,18.0,2022-05-16 22:11:29.635000+02:00,2022-05-17 02:11:29.648000+02:00,4:00:00.013000
37,Hydrogenated,18.5,2022-05-17 02:26:29.653000+02:00,2022-05-17 06:30:39.686000+02:00,4:04:10.033000
38,Dehydrogenated,19.0,2022-05-17 06:45:39.692000+02:00,2022-05-17 11:00:39.760000+02:00,4:15:00.068000
39,Hydrogenated,19.5,2022-05-17 11:15:39.758000+02:00,2022-05-17 15:15:39.783000+02:00,4:00:00.025000
40,Dehydrogenated,20.0,2022-05-17 15:30:39.777000+02:00,2022-05-17 19:30:39.834000+02:00,4:00:00.057000
41,Hydrogenated,20.5,2022-05-17 19:45:39.831000+02:00,2022-05-17 23:45:39.924000+02:00,4:00:00.093000
42,Dehydrogenated,21.0,2022-05-18 00:00:39.915000+02:00,2022-05-18 04:15:39.928000+02:00,4:15:00.013000
43,Hydrogenated,21.5,2022-05-18 04:30:39.931000+02:00,2022-05-18 08:30:38.993000+02:00,3:59:59.062000
44,Dehydrogenated,22.0,2022-05-18 08:45:38.994000+02:00,2022-05-18 13:00:39.580000+02:00,4:15:00.586000
45,Hydrogenated,22.5,2022-05-18 13:15:39.480000+02:00,2022-05-18 17:15:39.690000+02:00,4:00:00.210000
46,Dehydrogenated,23.0,2022-05-18 17:30:39.640000+02:00,2022-05-18 21:30:39.127000+02:00,3:59:59.487000
47,Hydrogenated,23.5,2022-05-18 21:45:39.127000+02:00,2022-05-19 01:45:39.171000+02:00,4:00:00.044000
48,Dehydrogenated,24.0,2022-05-19 02:00:39.170000+02:00,2022-05-19 06:15:39.193000+02:00,4:15:00.023000
49,Hydrogenated,24.5,2022-05-19 06:30:39.247000+02:00,2022-05-19 10:30:39.253000+02:00,4:00:00.006000
50,Dehydrogenated,25.0,2022-05-19 10:45:39.242000+02:00,2022-05-19 15:00:39.300000+02:00,4:15:00.058000
51,Hydrogenated,25.5,2022-05-19 15:15:39.298000+02:00,2022-05-19 19:15:39.347000+02:00,4:00:00.049000
52,Dehydrogenated,26.0,2022-05-19 19:30:39.394000+02:00,2022-05-19 23:30:39.407000+02:00,4:00:00.013000
53,Hydrogenated,26.5,2022-05-19 23:45:39.398000+02:00,2022-05-20 03:45:39.450000+02:00,4:00:00.052000
54,Dehydrogenated,27.0,2022-05-20 04:00:39.458000+02:00,2022-05-20 08:15:39.496000+02:00,4:15:00.038000
55,Hydrogenated,27.5,2022-05-20 08:30:39.481000+02:00,2022-05-20 12:30:39.579000+02:00,4:00:00.098000
56,Dehydrogenated,28.0,2022-05-20 12:45:39.569000+02:00,2022-05-20 17:00:39.598000+02:00,4:15:00.029000
57,Hydrogenated,28.5,2022-05-20 17:15:39.591000+02:00,2022-05-20 21:15:39.637000+02:00,4:00:00.046000
58,Dehydrogenated,29.0,2022-05-20 21:30:39.644000+02:00,2022-05-21 01:30:39.678000+02:00,4:00:00.034000
59,Hydrogenated,29.5,2022-05-21 01:45:39.718000+02:00,2022-05-21 05:45:39.735000+02:00,4:00:00.017000
60,Dehydrogenated,30.0,2022-05-21 06:00:39.730000+02:00,2022-05-21 10:15:39.797000+02:00,4:15:00.067000
61,Hydrogenated,30.5,2022-05-21 10:30:39.784000+02:00,2022-05-21 14:30:39.826000+02:00,4:00:00.042000
62,Dehydrogenated,31.0,2022-05-21 14:45:39.833000+02:00,2022-05-21 19:00:39.917000+02:00,4:15:00.084000
63,Hydrogenated,31.5,2022-05-21 19:15:39.906000+02:00,2022-05-21 23:15:39.906000+02:00,4:00:00
64,Dehydrogenated,32.0,2022-05-21 23:30:39.925000+02:00,2022-05-22 03:30:39.961000+02:00,4:00:00.036000
65,Hydrogenated,32.5,2022-05-22 03:45:39.961000+02:00,2022-05-22 07:45:39.120000+02:00,3:59:59.159000
66,Dehydrogenated,33.0,2022-05-22 08:00:39.500000+02:00,2022-05-22 12:15:39.520000+02:00,4:15:00.020000
67,Hydrogenated,33.5,2022-05-22 12:30:39.920000+02:00,2022-05-22 16:30:39.910000+02:00,3:59:59.990000
68,Dehydrogenated,34.0,2022-05-22 16:45:39.104000+02:00,2022-05-22 21:00:39.151000+02:00,4:15:00.047000
69,Hydrogenated,34.5,2022-05-22 21:15:39.162000+02:00,2022-05-23 12:15:39.330000+02:00,15:00:00.168000
70,Dehydrogenated,35.0,2022-05-23 12:32:53.308000+02:00,2022-05-23 16:04:57.370000+02:00,3:32:04.062000
71,Hydrogenated,35.5,2022-05-23 16:22:00.561000+02:00,2022-05-25 13:39:25.190000+02:00,"1 day, 21:17:24.629000"
72,Dehydrogenated,36.0,2022-05-25 13:54:25.203000+02:00,2022-05-25 17:39:25.247000+02:00,3:45:00.044000
73,Hydrogenated,36.5,2022-05-25 17:54:25.229000+02:00,2022-05-25 22:09:25.262000+02:00,4:15:00.033000
74,Dehydrogenated,37.0,2022-05-25 22:24:25.260000+02:00,2022-05-26 02:24:25.295000+02:00,4:00:00.035000
75,Hydrogenated,37.5,2022-05-26 02:39:25.297000+02:00,2022-05-26 06:45:38.332000+02:00,4:06:13.035000
76,Dehydrogenated,38.0,2022-05-26 07:00:38.329000+02:00,2022-05-26 11:00:38.359000+02:00,4:00:00.030000
77,Hydrogenated,38.5,2022-05-26 11:15:38.367000+02:00,2022-05-26 15:15:38.370000+02:00,4:00:00.003000
78,Dehydrogenated,39.0,2022-05-26 15:30:38.412000+02:00,2022-05-26 19:45:38.419000+02:00,4:15:00.007000
79,Hydrogenated,39.5,2022-05-26 20:00:38.420000+02:00,2022-05-27 00:00:38.473000+02:00,4:00:00.053000
80,Dehydrogenated,40.0,2022-05-27 00:15:38.461000+02:00,2022-05-27 04:30:38.481000+02:00,4:15:00.020000
81,Hydrogenated,40.5,2022-05-27 04:45:38.480000+02:00,2022-05-27 08:45:38.521000+02:00,4:00:00.041000
82,Dehydrogenated,41.0,2022-05-27 09:00:38.532000+02:00,2022-05-27 13:00:38.553000+02:00,4:00:00.021000
83,Hydrogenated,41.5,2022-05-27 13:15:38.587000+02:00,2022-05-27 17:15:38.599000+02:00,4:00:00.012000
84,Dehydrogenated,42.0,2022-05-27 17:30:38.591000+02:00,2022-05-27 21:45:38.619000+02:00,4:15:00.028000
85,Hydrogenated,42.5,2022-05-27 22:00:38.636000+02:00,2022-05-28 02:00:38.688000+02:00,4:00:00.052000
86,Dehydrogenated,43.0,2022-05-28 02:15:38.678000+02:00,2022-05-28 06:30:38.733000+02:00,4:15:00.055000
87,Hydrogenated,43.5,2022-05-28 06:45:38.719000+02:00,2022-05-28 10:45:38.719000+02:00,4:00:00
88,Dehydrogenated,44.0,2022-05-28 11:00:38.726000+02:00,2022-05-28 15:00:38.799000+02:00,4:00:00.073000
89,Hydrogenated,44.5,2022-05-28 15:15:38.796000+02:00,2022-05-28 19:15:38.800000+02:00,4:00:00.004000
90,Dehydrogenated,45.0,2022-05-28 19:30:38.791000+02:00,2022-05-28 23:45:38.858000+02:00,4:15:00.067000
91,Hydrogenated,45.5,2022-05-29 00:00:38.849000+02:00,2022-05-29 04:00:38.873000+02:00,4:00:00.024000
92,Dehydrogenated,46.0,2022-05-29 04:15:38.876000+02:00,2022-05-29 08:30:38.905000+02:00,4:15:00.029000
93,Hydrogenated,46.5,2022-05-29 08:45:38.903000+02:00,2022-05-29 12:45:38.967000+02:00,4:00:00.064000
94,Dehydrogenated,47.0,2022-05-29 13:00:38.957000+02:00,2022-05-29 17:00:38.978000+02:00,4:00:00.021000
95,Hydrogenated,47.5,2022-05-29 17:15:38.982000+02:00,2022-05-29 21:15:39.360000+02:00,4:00:00.378000
96,Dehydrogenated,48.0,2022-05-29 21:30:39.400000+02:00,2022-05-30 01:45:39.410000+02:00,4:15:00.010000
97,Hydrogenated,48.5,2022-05-30 02:00:39.480000+02:00,2022-05-30 13:42:12.353000+02:00,11:41:32.873000
98,Dehydrogenated,49.0,2022-05-30 13:57:12.366000+02:00,2022-05-30 17:57:12.407000+02:00,4:00:00.041000
99,Hydrogenated,49.5,2022-05-30 18:12:12.413000+02:00,2022-05-30 22:27:12.442000+02:00,4:15:00.029000
100,Dehydrogenated,50.0,2022-05-30 22:42:12.457000+02:00,2022-05-31 02:42:12.505000+02:00,4:00:00.048000
101,Hydrogenated,50.5,2022-05-31 02:57:12.502000+02:00,2022-05-31 07:00:38.548000+02:00,4:03:26.046000
102,Dehydrogenated,51.0,2022-05-31 07:15:38.558000+02:00,2022-05-31 11:30:38.584000+02:00,4:15:00.026000
103,Hydrogenated,51.5,2022-05-31 11:45:38.585000+02:00,2022-05-31 15:45:38.623000+02:00,4:00:00.038000
104,Dehydrogenated,52.0,2022-05-31 16:00:38.625000+02:00,2022-05-31 20:00:38.669000+02:00,4:00:00.044000
105,Hydrogenated,52.5,2022-05-31 20:15:38.675000+02:00,2022-06-01 00:15:38.731000+02:00,4:00:00.056000
106,Dehydrogenated,53.0,2022-06-01 00:30:38.723000+02:00,2022-06-01 04:45:38.767000+02:00,4:15:00.044000
107,Hydrogenated,53.5,2022-06-01 05:00:38.762000+02:00,2022-06-01 09:00:38.801000+02:00,4:00:00.039000
108,Dehydrogenated,54.0,2022-06-01 09:15:38.805000+02:00,2022-06-01 13:30:38.839000+02:00,4:15:00.034000
109,Hydrogenated,54.5,2022-06-01 13:45:38.838000+02:00,2022-06-01 17:45:38.891000+02:00,4:00:00.053000
110,Dehydrogenated,55.0,2022-06-01 18:00:38.898000+02:00,2022-06-01 22:00:38.951000+02:00,4:00:00.053000
111,Hydrogenated,55.5,2022-06-01 22:15:38.937000+02:00,2022-06-02 02:15:38.964000+02:00,4:00:00.027000
112,Dehydrogenated,56.0,2022-06-02 02:30:38.988000+02:00,2022-06-02 06:45:40.340000+02:00,4:15:01.352000
113,Hydrogenated,56.5,2022-06-02 07:00:40.410000+02:00,2022-06-02 11:00:40.870000+02:00,4:00:00.460000
114,Dehydrogenated,57.0,2022-06-02 11:15:40.870000+02:00,2022-06-02 15:30:40.177000+02:00,4:14:59.307000
115,Hydrogenated,57.5,2022-06-02 15:45:40.163000+02:00,2022-06-02 19:45:40.149000+02:00,3:59:59.986000
116,Dehydrogenated,58.0,2022-06-02 20:00:40.165000+02:00,2022-06-03 00:00:40.243000+02:00,4:00:00.078000
117,Hydrogenated,58.5,2022-06-03 00:15:40.241000+02:00,2022-06-03 12:16:10.690000+02:00,12:00:30.449000
118,Dehydrogenated,59.0,2022-06-03 12:31:10.630000+02:00,2022-06-03 16:46:10.182000+02:00,4:14:59.552000
119,Hydrogenated,59.5,2022-06-03 17:01:10.171000+02:00,2022-06-03 21:01:10.170000+02:00,3:59:59.999000
120,Dehydrogenated,60.0,2022-06-03 21:16:10.210000+02:00,2022-06-04 01:31:10.230000+02:00,4:15:00.020000
121,Hydrogenated,60.5,2022-06-04 01:46:10.238000+02:00,2022-06-04 05:45:38.270000+02:00,3:59:28.032000
122,Dehydrogenated,61.0,2022-06-04 06:00:38.277000+02:00,2022-06-04 10:00:38.325000+02:00,4:00:00.048000
123,Hydrogenated,61.5,2022-06-04 10:15:38.331000+02:00,2022-06-04 14:30:38.367000+02:00,4:15:00.036000
124,Dehydrogenated,62.0,2022-06-04 14:45:38.376000+02:00,2022-06-04 18:45:38.447000+02:00,4:00:00.071000
125,Hydrogenated,62.5,2022-06-04 19:00:38.437000+02:00,2022-06-04 23:00:38.498000+02:00,4:00:00.061000
126,Dehydrogenated,63.0,2022-06-04 23:15:38.491000+02:00,2022-06-05 03:30:38.522000+02:00,4:15:00.031000
127,Hydrogenated,63.5,2022-06-05 03:45:38.540000+02:00,2022-06-05 07:45:38.590000+02:00,4:00:00.050000
128,Dehydrogenated,64.0,2022-06-05 08:00:38.586000+02:00,2022-06-05 12:00:38.613000+02:00,4:00:00.027000
129,Hydrogenated,64.5,2022-06-05 12:15:38.626000+02:00,2022-06-05 16:30:38.683000+02:00,4:15:00.057000
130,Dehydrogenated,65.0,2022-06-05 16:45:38.695000+02:00,2022-06-05 20:45:38.713000+02:00,4:00:00.018000
131,Hydrogenated,65.5,2022-06-05 21:00:38.716000+02:00,2022-06-07 10:30:39.189000+02:00,"1 day, 13:30:00.473000"
132,Dehydrogenated,66.0,2022-06-07 10:47:31.408000+02:00,2022-06-07 15:02:31.481000+02:00,4:15:00.073000
133,Hydrogenated,66.5,2022-06-07 15:17:31.483000+02:00,2022-06-07 19:17:31.502000+02:00,4:00:00.019000
134,Dehydrogenated,67.0,2022-06-07 19:32:31.495000+02:00,2022-06-07 23:47:31.548000+02:00,4:15:00.053000
135,Hydrogenated,67.5,2022-06-08 00:02:31.573000+02:00,2022-06-08 04:02:31.606000+02:00,4:00:00.033000
136,Dehydrogenated,68.0,2022-06-08 04:17:31.607000+02:00,2022-06-08 08:30:38.657000+02:00,4:13:07.050000
137,Hydrogenated,68.5,2022-06-08 08:45:38.658000+02:00,2022-06-08 12:45:38.729000+02:00,4:00:00.071000
138,Dehydrogenated,69.0,2022-06-08 13:00:38.724000+02:00,2022-06-08 17:00:38.760000+02:00,4:00:00.036000
139,Hydrogenated,69.5,2022-06-08 17:15:38.766000+02:00,2022-06-08 21:30:38.799000+02:00,4:15:00.033000
140,Dehydrogenated,70.0,2022-06-08 21:45:38.809000+02:00,2022-06-09 01:45:38.894000+02:00,4:00:00.085000
141,Hydrogenated,70.5,2022-06-09 02:00:38.893000+02:00,2022-06-09 06:00:39.898000+02:00,4:00:01.005000
142,Dehydrogenated,71.0,2022-06-09 06:15:39.904000+02:00,2022-06-09 10:30:39.983000+02:00,4:15:00.079000
143,Hydrogenated,71.5,2022-06-09 10:45:39.984000+02:00,2022-06-09 14:45:40.350000+02:00,4:00:00.366000
144,Dehydrogenated,72.0,2022-06-09 15:00:40.200000+02:00,2022-06-09 19:00:40.780000+02:00,4:00:00.580000
145,Hydrogenated,72.5,2022-06-09 19:15:40.850000+02:00,2022-06-09 23:30:40.151000+02:00,4:14:59.301000
146,Dehydrogenated,73.0,2022-06-09 23:45:40.131000+02:00,2022-06-10 03:45:40.188000+02:00,4:00:00.057000
147,Hydrogenated,73.5,2022-06-10 04:00:40.231000+02:00,2022-06-10 08:00:38.228000+02:00,3:59:57.997000
148,Dehydrogenated,74.0,2022-06-10 08:15:38.226000+02:00,2022-06-10 12:22:31.856000+02:00,4:06:53.630000
149,Hydrogenated,74.5,2022-06-10 12:37:31.847000+02:00,2022-06-10 16:39:25.884000+02:00,4:01:54.037000
150,Dehydrogenated,75.0,2022-06-10 16:54:25.878000+02:00,2022-06-10 21:09:25.917000+02:00,4:15:00.039000
151,Hydrogenated,75.5,2022-06-10 21:24:25.930000+02:00,2022-06-11 01:24:25.978000+02:00,4:00:00.048000
152,Dehydrogenated,76.0,2022-06-11 01:39:25.974000+02:00,2022-06-11 05:45:38.995000+02:00,4:06:13.021000
153,Hydrogenated,76.5,2022-06-11 06:00:39.240000+02:00,2022-06-11 10:00:39.390000+02:00,4:00:00.150000
154,Dehydrogenated,77.0,2022-06-11 10:15:39.400000+02:00,2022-06-11 14:30:39.660000+02:00,4:15:00.260000
155,Hydrogenated,77.5,2022-06-11 14:45:39.760000+02:00,2022-06-11 18:45:39.144000+02:00,3:59:59.384000
156,Dehydrogenated,78.0,2022-06-11 19:00:39.136000+02:00,2022-06-11 23:00:39.146000+02:00,4:00:00.010000
157,Hydrogenated,78.5,2022-06-11 23:15:39.153000+02:00,2022-06-12 03:30:39.201000+02:00,4:15:00.048000
158,Dehydrogenated,79.0,2022-06-12 03:45:39.189000+02:00,2022-06-12 07:45:38.263000+02:00,3:59:59.074000
159,Hydrogenated,79.5,2022-06-12 08:00:38.251000+02:00,2022-06-12 12:00:38.259000+02:00,4:00:00.008000
160,Dehydrogenated,80.0,2022-06-12 12:15:38.267000+02:00,2022-06-12 16:30:38.311000+02:00,4:15:00.044000
161,Hydrogenated,80.5,2022-06-12 16:45:38.310000+02:00,2022-06-12 20:45:38.346000+02:00,4:00:00.036000
162,Dehydrogenated,81.0,2022-06-12 21:00:38.351000+02:00,2022-06-13 01:00:38.381000+02:00,4:00:00.030000
163,Hydrogenated,81.5,2022-06-13 01:15:38.369000+02:00,2022-06-13 05:30:38.450000+02:00,4:15:00.081000
164,Dehydrogenated,82.0,2022-06-13 05:45:38.442000+02:00,2022-06-13 09:45:38.436000+02:00,3:59:59.994000
165,Hydrogenated,82.5,2022-06-13 10:00:38.435000+02:00,2022-06-13 14:00:38.517000+02:00,4:00:00.082000
166,Dehydrogenated,83.0,2022-06-13 14:15:38.512000+02:00,2022-06-13 18:30:38.505000+02:00,4:14:59.993000
167,Hydrogenated,83.5,2022-06-13 18:45:38.530000+02:00,2022-06-13 22:45:38.588000+02:00,4:00:00.058000
168,Dehydrogenated,84.0,2022-06-13 23:00:38.584000+02:00,2022-06-14 03:00:38.599000+02:00,4:00:00.015000
169,Hydrogenated,84.5,2022-06-14 03:15:38.596000+02:00,2022-06-14 14:07:57.658000+02:00,10:52:19.062000
170,Dehydrogenated,85.0,2022-06-14 14:22:57.661000+02:00,2022-06-14 18:37:57.729000+02:00,4:15:00.068000
171,Hydrogenated,85.5,2022-06-14 18:52:57.731000+02:00,2022-06-14 22:52:57.791000+02:00,4:00:00.060000
172,Dehydrogenated,86.0,2022-06-14 23:07:57.806000+02:00,2022-06-15 03:07:57.858000+02:00,4:00:00.052000
173,Hydrogenated,86.5,2022-06-15 03:22:57.860000+02:00,2022-06-15 07:30:38.925000+02:00,4:07:41.065000
174,Dehydrogenated,87.0,2022-06-15 07:45:38.942000+02:00,2022-06-15 12:00:38.977000+02:00,4:15:00.035000
175,Hydrogenated,87.5,2022-06-15 12:15:39.300000+02:00,2022-06-15 16:15:39.650000+02:00,4:00:00.350000
176,Dehydrogenated,88.0,2022-06-15 16:30:39.560000+02:00,2022-06-15 20:30:39.140000+02:00,3:59:59.580000
177,Hydrogenated,88.5,2022-06-15 20:45:39.136000+02:00,2022-06-16 01:00:39.214000+02:00,4:15:00.078000
178,Dehydrogenated,89.0,2022-06-16 01:15:39.221000+02:00,2022-06-16 05:15:38.306000+02:00,3:59:59.085000
179,Hydrogenated,89.5,2022-06-16 05:30:38.287000+02:00,2022-06-16 09:30:38.403000+02:00,4:00:00.116000
180,Dehydrogenated,90.0,2022-06-16 09:45:38.391000+02:00,2022-06-16 14:00:38.390000+02:00,4:14:59.999000
181,Hydrogenated,90.5,2022-06-16 14:15:38.432000+02:00,2022-06-16 18:15:38.547000+02:00,4:00:00.115000
182,Dehydrogenated,91.0,2022-06-16 18:30:38.531000+02:00,2022-06-16 22:30:38.557000+02:00,4:00:00.026000
183,Hydrogenated,91.5,2022-06-16 22:45:38.550000+02:00,2022-06-17 03:00:38.689000+02:00,4:15:00.139000
184,Dehydrogenated,92.0,2022-06-17 03:15:38.680000+02:00,2022-06-17 07:15:38.712000+02:00,4:00:00.032000
185,Hydrogenated,92.5,2022-06-17 07:30:38.714000+02:00,2022-06-17 11:30:38.829000+02:00,4:00:00.115000
186,Dehydrogenated,93.0,2022-06-17 11:45:38.828000+02:00,2022-06-17 16:00:38.878000+02:00,4:15:00.050000
187,Hydrogenated,93.5,2022-06-17 16:15:38.873000+02:00,2022-06-17 20:15:38.974000+02:00,4:00:00.101000
188,Dehydrogenated,94.0,2022-06-17 20:30:38.971000+02:00,2022-06-18 00:30:39.350000+02:00,4:00:00.379000
189,Hydrogenated,94.5,2022-06-18 00:45:39.320000+02:00,2022-06-18 05:00:38.117000+02:00,4:14:58.797000
190,Dehydrogenated,95.0,2022-06-18 05:15:38.121000+02:00,2022-06-18 09:15:38.192000+02:00,4:00:00.071000
191,Hydrogenated,95.5,2022-06-18 09:30:38.196000+02:00,2022-06-18 13:30:38.259000+02:00,4:00:00.063000
192,Dehydrogenated,96.0,2022-06-18 13:45:38.266000+02:00,2022-06-18 18:00:38.355000+02:00,4:15:00.089000
193,Hydrogenated,96.5,2022-06-18 18:15:38.378000+02:00,2022-06-18 22:15:38.441000+02:00,4:00:00.063000
194,Dehydrogenated,97.0,2022-06-18 22:30:38.444000+02:00,2022-06-19 02:30:38.541000+02:00,4:00:00.097000
195,Hydrogenated,97.5,2022-06-19 02:45:38.530000+02:00,2022-06-19 07:00:38.561000+02:00,4:15:00.031000
196,Dehydrogenated,98.0,2022-06-19 07:15:38.606000+02:00,2022-06-19 11:15:38.685000+02:00,4:00:00.079000
197,Hydrogenated,98.5,2022-06-19 11:30:38.720000+02:00,2022-06-19 15:30:38.731000+02:00,4:00:00.011000
198,Dehydrogenated,99.0,2022-06-19 15:45:38.723000+02:00,2022-06-19 20:00:38.854000+02:00,4:15:00.131000
199,Hydrogenated,99.5,2022-06-19 20:15:38.852000+02:00,2022-06-20 00:15:38.891000+02:00,4:00:00.039000
200,Dehydrogenated,100.0,2022-06-20 00:30:38.879000+02:00,2022-06-20 04:30:39.400000+02:00,4:00:00.521000
201,Hydrogenated,100.5,2022-06-20 04:45:38.997000+02:00,2022-06-20 13:45:53.368000+02:00,9:00:14.371000
202,Dehydrogenated,101.0,2022-06-20 14:00:53.353000+02:00,2022-06-20 18:00:53.400000+02:00,4:00:00.047000
203,Hydrogenated,101.5,2022-06-20 18:15:53.407000+02:00,2022-06-20 22:30:53.498000+02:00,4:15:00.091000
204,Dehydrogenated,102.0,2022-06-20 22:45:53.510000+02:00,2022-06-21 02:45:53.554000+02:00,4:00:00.044000
205,Hydrogenated,102.5,2022-06-21 03:00:53.554000+02:00,2022-06-21 07:00:38.670000+02:00,3:59:45.116000
206,Dehydrogenated,103.0,2022-06-21 07:15:38.663000+02:00,2022-06-21 11:27:27.730000+02:00,4:11:49.067000
207,Hydrogenated,103.5,2022-06-21 11:42:27.720000+02:00,2022-06-21 15:42:27.803000+02:00,4:00:00.083000
208,Dehydrogenated,104.0,2022-06-21 15:57:27.826000+02:00,2022-06-21 19:57:27.873000+02:00,4:00:00.047000
209,Hydrogenated,104.5,2022-06-21 20:12:27.873000+02:00,2022-06-22 00:27:27.976000+02:00,4:15:00.103000
210,Dehydrogenated,105.0,2022-06-22 00:42:27.970000+02:00,2022-06-22 04:42:28.450000+02:00,4:00:00.480000
211,Hydrogenated,105.5,2022-06-22 04:57:28.340000+02:00,2022-06-22 09:00:38.111000+02:00,4:03:09.771000
212,Dehydrogenated,106.0,2022-06-22 09:15:38.132000+02:00,2022-06-22 13:30:38.189000+02:00,4:15:00.057000
213,Hydrogenated,106.5,2022-06-22 13:45:38.187000+02:00,2022-06-22 17:45:38.264000+02:00,4:00:00.077000
214,Dehydrogenated,107.0,2022-06-22 18:00:38.271000+02:00,2022-06-22 22:00:38.368000+02:00,4:00:00.097000
215,Hydrogenated,107.5,2022-06-22 22:15:38.366000+02:00,2022-06-23 02:30:38.398000+02:00,4:15:00.032000
216,Dehydrogenated,108.0,2022-06-23 02:45:38.420000+02:00,2022-06-23 06:45:38.506000+02:00,4:00:00.086000
217,Hydrogenated,108.5,2022-06-23 07:00:38.499000+02:00,2022-06-23 11:00:38.550000+02:00,4:00:00.051000
218,Dehydrogenated,109.0,2022-06-23 11:15:38.558000+02:00,2022-06-23 15:30:38.660000+02:00,4:15:00.102000
219,Hydrogenated,109.5,2022-06-23 15:45:38.673000+02:00,2022-06-23 19:45:38.709000+02:00,4:00:00.036000
220,Dehydrogenated,110.0,2022-06-23 20:00:38.708000+02:00,2022-06-24 00:00:38.827000+02:00,4:00:00.119000
221,Hydrogenated,110.5,2022-06-24 00:15:38.839000+02:00,2022-06-24 09:10:22.203000+02:00,8:54:43.364000
222,Dehydrogenated,111.0,2022-06-24 09:25:22.196000+02:00,2022-06-24 13:40:22.254000+02:00,4:15:00.058000
223,Hydrogenated,111.5,2022-06-24 13:55:22.235000+02:00,2022-06-24 17:55:22.358000+02:00,4:00:00.123000
224,Dehydrogenated,112.0,2022-06-24 18:10:22.357000+02:00,2022-06-24 22:10:22.398000+02:00,4:00:00.041000
225,Hydrogenated,112.5,2022-06-24 22:25:22.460000+02:00,2022-06-25 02:40:22.533000+02:00,4:15:00.073000
226,Dehydrogenated,113.0,2022-06-25 02:55:22.525000+02:00,2022-06-25 07:00:38.572000+02:00,4:05:16.047000
227,Hydrogenated,113.5,2022-06-25 07:15:38.620000+02:00,2022-06-25 11:15:38.678000+02:00,4:00:00.058000
228,Dehydrogenated,114.0,2022-06-25 11:30:38.693000+02:00,2022-06-25 15:30:38.738000+02:00,4:00:00.045000
229,Hydrogenated,114.5,2022-06-25 15:45:38.738000+02:00,2022-06-25 20:00:38.864000+02:00,4:15:00.126000
230,Dehydrogenated,115.0,2022-06-25 20:15:38.877000+02:00,2022-06-26 00:15:38.931000+02:00,4:00:00.054000
231,Hydrogenated,115.5,2022-06-26 00:30:38.919000+02:00,2022-06-26 04:30:39.270000+02:00,4:00:00.351000
232,Dehydrogenated,116.0,2022-06-26 04:45:39.250000+02:00,2022-06-26 09:00:39.900000+02:00,4:15:00.650000
233,Hydrogenated,116.5,2022-06-26 09:15:39.800000+02:00,2022-06-26 13:15:39.169000+02:00,3:59:59.369000
234,Dehydrogenated,117.0,2022-06-26 13:30:39.170000+02:00,2022-06-26 17:30:39.227000+02:00,4:00:00.057000
235,Hydrogenated,117.5,2022-06-26 17:45:39.245000+02:00,2022-06-26 22:00:39.336000+02:00,4:15:00.091000
236,Dehydrogenated,118.0,2022-06-26 22:15:39.337000+02:00,2022-06-27 02:15:39.439000+02:00,4:00:00.102000
237,Hydrogenated,118.5,2022-06-27 02:30:39.435000+02:00,2022-06-27 06:30:38.473000+02:00,3:59:59.038000
238,Dehydrogenated,119.0,2022-06-27 06:45:38.479000+02:00,2022-06-27 11:00:38.575000+02:00,4:15:00.096000
239,Hydrogenated,119.5,2022-06-27 11:15:38.589000+02:00,2022-06-27 15:15:38.630000+02:00,4:00:00.041000
240,Dehydrogenated,120.0,2022-06-27 15:30:38.621000+02:00,2022-06-27 19:30:38.747000+02:00,4:00:00.126000
241,Hydrogenated,120.5,2022-06-27 19:45:38.738000+02:00,2022-06-28 00:00:38.787000+02:00,4:15:00.049000
242,Dehydrogenated,121.0,2022-06-28 00:15:38.772000+02:00,2022-06-28 04:15:38.891000+02:00,4:00:00.119000
243,Hydrogenated,121.5,2022-06-28 04:30:38.882000+02:00,2022-06-28 08:30:37.925000+02:00,3:59:59.043000
244,Dehydrogenated,122.0,2022-06-28 08:45:37.981000+02:00,2022-06-28 13:00:38.340000+02:00,4:15:00.359000
245,Hydrogenated,122.5,2022-06-28 13:15:38.830000+02:00,2022-06-28 17:15:38.102000+02:00,3:59:59.272000
246,Dehydrogenated,123.0,2022-06-28 17:30:38.147000+02:00,2022-06-28 21:30:38.241000+02:00,4:00:00.094000
247,Hydrogenated,123.5,2022-06-28 21:45:38.236000+02:00,2022-06-29 02:00:38.284000+02:00,4:15:00.048000
248,Dehydrogenated,124.0,2022-06-29 02:15:38.291000+02:00,2022-06-29 06:15:38.395000+02:00,4:00:00.104000
249,Hydrogenated,124.5,2022-06-29 06:30:38.389000+02:00,2022-06-29 10:30:38.413000+02:00,4:00:00.024000
250,Dehydrogenated,125.0,2022-06-29 10:45:38.424000+02:00,2022-06-29 15:00:38.516000+02:00,4:15:00.092000
251,Hydrogenated,125.5,2022-06-29 15:15:38.516000+02:00,2022-06-29 19:15:38.576000+02:00,4:00:00.060000
252,Dehydrogenated,126.0,2022-06-29 19:30:38.623000+02:00,2022-06-29 23:30:38.674000+02:00,4:00:00.051000
253,Hydrogenated,126.5,2022-06-29 23:45:38.670000+02:00,2022-06-30 04:00:38.757000+02:00,4:15:00.087000
254,Dehydrogenated,127.0,2022-06-30 04:15:38.754000+02:00,2022-06-30 08:15:38.816000+02:00,4:00:00.062000
255,Hydrogenated,127.5,2022-06-30 08:30:38.825000+02:00,2022-06-30 12:30:38.889000+02:00,4:00:00.064000
256,Dehydrogenated,128.0,2022-06-30 12:45:38.914000+02:00,2022-06-30 17:00:38.973000+02:00,4:15:00.059000
257,Hydrogenated,128.5,2022-06-30 17:15:39.430000+02:00,2022-06-30 21:15:39.930000+02:00,4:00:00.500000
258,Dehydrogenated,129.0,2022-06-30 21:30:39.108000+02:00,2022-07-01 01:30:39.140000+02:00,4:00:00.032000
259,Hydrogenated,129.5,2022-07-01 01:45:39.188000+02:00,2022-07-01 06:00:39.248000+02:00,4:15:00.060000
260,Dehydrogenated,130.0,2022-07-01 06:15:39.244000+02:00,2022-07-01 10:15:39.304000+02:00,4:00:00.060000
261,Hydrogenated,130.5,2022-07-01 10:30:39.299000+02:00,2022-07-01 14:30:39.403000+02:00,4:00:00.104000
262,Dehydrogenated,131.0,2022-07-01 14:45:39.411000+02:00,2022-07-01 19:00:39.468000+02:00,4:15:00.057000
263,Hydrogenated,131.5,2022-07-01 19:15:39.471000+02:00,2022-07-01 23:15:39.562000+02:00,4:00:00.091000
264,Dehydrogenated,132.0,2022-07-01 23:30:39.566000+02:00,2022-07-02 03:30:39.629000+02:00,4:00:00.063000
265,Hydrogenated,132.5,2022-07-02 03:45:39.629000+02:00,2022-07-02 08:00:38.723000+02:00,4:14:59.094000
266,Dehydrogenated,133.0,2022-07-02 08:15:38.732000+02:00,2022-07-02 12:15:38.789000+02:00,4:00:00.057000
267,Hydrogenated,133.5,2022-07-02 12:30:38.801000+02:00,2022-07-02 16:30:38.913000+02:00,4:00:00.112000
268,Dehydrogenated,134.0,2022-07-02 16:45:38.907000+02:00,2022-07-02 21:00:38.934000+02:00,4:15:00.027000
269,Hydrogenated,134.5,2022-07-02 21:15:38.984000+02:00,2022-07-03 01:15:39.710000+02:00,4:00:00.726000
270,Dehydrogenated,135.0,2022-07-03 01:30:39.710000+02:00,2022-07-03 05:30:39.108000+02:00,3:59:59.398000
271,Hydrogenated,135.5,2022-07-03 05:45:39.111000+02:00,2022-07-03 10:00:39.191000+02:00,4:15:00.080000
272,Dehydrogenated,136.0,2022-07-03 10:15:39.205000+02:00,2022-07-03 14:15:39.283000+02:00,4:00:00.078000
273,Hydrogenated,136.5,2022-07-03 14:30:39.267000+02:00,2022-07-03 18:30:39.361000+02:00,4:00:00.094000
274,Dehydrogenated,137.0,2022-07-03 18:45:39.357000+02:00,2022-07-03 23:00:39.426000+02:00,4:15:00.069000
275,Hydrogenated,137.5,2022-07-03 23:15:39.422000+02:00,2022-07-04 03:15:39.509000+02:00,4:00:00.087000
276,Dehydrogenated,138.0,2022-07-04 03:30:39.513000+02:00,2022-07-04 07:30:38.597000+02:00,3:59:59.084000
277,Hydrogenated,138.5,2022-07-04 07:45:38.583000+02:00,2022-07-07 13:33:57.156000+02:00,"3 days, 5:48:18.573000"
278,Dehydrogenated,139.0,2022-07-07 13:48:57.120000+02:00,2022-07-07 18:03:57.157000+02:00,4:15:00.037000
279,Hydrogenated,139.5,2022-07-07 18:18:57.152000+02:00,2022-07-07 22:18:57.202000+02:00,4:00:00.050000
280,Dehydrogenated,140.0,2022-07-07 22:33:57.195000+02:00,2022-07-08 02:48:57.188000+02:00,4:14:59.993000
281,Hydrogenated,140.5,2022-07-08 03:03:57.206000+02:00,2022-07-08 07:00:38.226000+02:00,3:56:41.020000
282,Dehydrogenated,141.0,2022-07-08 07:15:38.230000+02:00,2022-07-08 11:30:38.271000+02:00,4:15:00.041000
283,Hydrogenated,141.5,2022-07-08 11:45:38.258000+02:00,2022-07-08 15:45:38.280000+02:00,4:00:00.022000
284,Dehydrogenated,142.0,2022-07-08 16:00:38.259000+02:00,2022-07-08 20:00:38.290000+02:00,4:00:00.031000
285,Hydrogenated,142.5,2022-07-08 20:15:38.291000+02:00,2022-07-09 00:30:38.319000+02:00,4:15:00.028000
286,Dehydrogenated,143.0,2022-07-09 00:45:38.364000+02:00,2022-07-09 04:45:38.356000+02:00,3:59:59.992000
287,Hydrogenated,143.5,2022-07-09 05:00:38.354000+02:00,2022-07-09 09:00:38.376000+02:00,4:00:00.022000
288,Dehydrogenated,144.0,2022-07-09 09:15:38.367000+02:00,2022-07-09 13:30:38.404000+02:00,4:15:00.037000
289,Hydrogenated,144.5,2022-07-09 13:45:38.400000+02:00,2022-07-09 17:45:38.434000+02:00,4:00:00.034000
290,Dehydrogenated,145.0,2022-07-09 18:00:38.418000+02:00,2022-07-09 22:00:38.483000+02:00,4:00:00.065000
291,Hydrogenated,145.5,2022-07-09 22:15:38.482000+02:00,2022-07-10 02:30:38.494000+02:00,4:15:00.012000
292,Dehydrogenated,146.0,2022-07-10 02:45:38.481000+02:00,2022-07-10 06:45:38.499000+02:00,4:00:00.018000
293,Hydrogenated,146.5,2022-07-10 07:00:38.493000+02:00,2022-07-10 11:00:38.517000+02:00,4:00:00.024000
294,Dehydrogenated,147.0,2022-07-10 11:15:38.512000+02:00,2022-07-10 15:30:38.568000+02:00,4:15:00.056000
295,Hydrogenated,147.5,2022-07-10 15:45:38.565000+02:00,2022-07-10 19:45:38.589000+02:00,4:00:00.024000
296,Dehydrogenated,148.0,2022-07-10 20:00:38.587000+02:00,2022-07-11 00:00:38.598000+02:00,4:00:00.011000
297,Hydrogenated,148.5,2022-07-11 00:15:38.589000+02:00,2022-07-11 12:06:03.413000+02:00,11:50:24.824000
298,Dehydrogenated,149.0,2022-07-11 12:21:03.408000+02:00,2022-07-11 16:36:03.425000+02:00,4:15:00.017000
299,Hydrogenated,149.5,2022-07-11 16:51:03.414000+02:00,2022-07-11 20:51:03.454000+02:00,4:00:00.040000
300,Dehydrogenated,150.0,2022-07-11 21:06:03.445000+02:00,2022-07-12 01:21:03.471000+02:00,4:15:00.026000
301,Hydrogenated,150.5,2022-07-12 01:36:03.472000+02:00,2022-07-12 05:30:38.502000+02:00,3:54:35.030000
302,Dehydrogenated,151.0,2022-07-12 05:45:38.492000+02:00,2022-07-12 10:00:38.513000+02:00,4:15:00.021000
303,Hydrogenated,151.5,2022-07-12 10:15:38.533000+02:00,2022-07-12 14:15:38.532000+02:00,3:59:59.999000
304,Dehydrogenated,152.0,2022-07-12 14:30:38.553000+02:00,2022-07-12 18:30:38.573000+02:00,4:00:00.020000
305,Hydrogenated,152.5,2022-07-12 18:45:38.578000+02:00,2022-07-12 23:00:38.604000+02:00,4:15:00.026000
306,Dehydrogenated,153.0,2022-07-12 23:15:38.599000+02:00,2022-07-13 03:15:38.657000+02:00,4:00:00.058000
307,Hydrogenated,153.5,2022-07-13 03:30:38.650000+02:00,2022-07-13 07:30:38.665000+02:00,4:00:00.015000
308,Dehydrogenated,154.0,2022-07-13 07:45:38.654000+02:00,2022-07-13 12:01:02.706000+02:00,4:15:24.052000
309,Hydrogenated,154.5,2022-07-13 12:16:02.703000+02:00,2022-07-13 16:16:02.718000+02:00,4:00:00.015000
310,Dehydrogenated,155.0,2022-07-13 16:31:02.717000+02:00,2022-07-13 20:31:02.769000+02:00,4:00:00.052000
311,Hydrogenated,155.5,2022-07-13 20:46:02.760000+02:00,2022-07-14 01:01:02.782000+02:00,4:15:00.022000
312,Dehydrogenated,156.0,2022-07-14 01:16:02.771000+02:00,2022-07-14 05:15:38.782000+02:00,3:59:36.011000
313,Hydrogenated,156.5,2022-07-14 05:30:38.793000+02:00,2022-07-14 09:30:38.826000+02:00,4:00:00.033000
314,Dehydrogenated,157.0,2022-07-14 09:45:38.812000+02:00,2022-07-14 14:00:38.895000+02:00,4:15:00.083000
315,Hydrogenated,157.5,2022-07-14 14:15:38.891000+02:00,2022-07-14 18:15:40.882000+02:00,4:00:01.991000
316,Dehydrogenated,158.0,2022-07-14 18:30:40.926000+02:00,2022-07-14 22:30:40.921000+02:00,3:59:59.995000
317,Hydrogenated,158.5,2022-07-14 22:45:40.912000+02:00,2022-07-15 03:00:40.969000+02:00,4:15:00.057000
318,Dehydrogenated,159.0,2022-07-15 03:15:40.959000+02:00,2022-07-15 07:15:37.996000+02:00,3:59:57.037000
319,Hydrogenated,159.5,2022-07-15 07:30:37.989000+02:00,2022-07-15 11:30:37.975000+02:00,3:59:59.986000
320,Dehydrogenated,160.0,2022-07-15 11:45:37.981000+02:00,2022-07-15 16:00:37.997000+02:00,4:15:00.016000
321,Hydrogenated,160.5,2022-07-15 16:15:38.700000+02:00,2022-07-15 20:15:38.340000+02:00,3:59:59.640000
322,Dehydrogenated,161.0,2022-07-15 20:30:38.800000+02:00,2022-07-16 00:30:38.490000+02:00,3:59:59.690000
323,Hydrogenated,161.5,2022-07-16 00:45:38.650000+02:00,2022-07-16 05:00:38.860000+02:00,4:15:00.210000
324,Dehydrogenated,162.0,2022-07-16 05:15:38.830000+02:00,2022-07-16 09:15:38.106000+02:00,3:59:59.276000
325,Hydrogenated,162.5,2022-07-16 09:30:38.117000+02:00,2022-07-16 13:30:38.192000+02:00,4:00:00.075000
326,Dehydrogenated,163.0,2022-07-16 13:45:38.182000+02:00,2022-07-16 18:00:38.159000+02:00,4:14:59.977000
327,Hydrogenated,163.5,2022-07-16 18:15:38.168000+02:00,2022-07-16 22:15:38.186000+02:00,4:00:00.018000
328,Dehydrogenated,164.0,2022-07-16 22:30:38.208000+02:00,2022-07-17 02:30:38.213000+02:00,4:00:00.005000
329,Hydrogenated,164.5,2022-07-17 02:45:38.199000+02:00,2022-07-17 07:00:38.260000+02:00,4:15:00.061000
330,Dehydrogenated,165.0,2022-07-17 07:15:38.257000+02:00,2022-07-17 11:15:38.273000+02:00,4:00:00.016000
331,Hydrogenated,165.5,2022-07-17 11:30:38.259000+02:00,2022-07-17 15:30:38.313000+02:00,4:00:00.054000
332,Dehydrogenated,166.0,2022-07-17 15:45:38.303000+02:00,2022-07-17 20:00:38.318000+02:00,4:15:00.015000
333,Hydrogenated,166.5,2022-07-17 20:15:38.312000+02:00,2022-07-18 00:15:38.326000+02:00,4:00:00.014000
334,Dehydrogenated,167.0,2022-07-18 00:30:38.386000+02:00,2022-07-18 04:30:38.396000+02:00,4:00:00.010000
335,Hydrogenated,167.5,2022-07-18 04:45:38.388000+02:00,2022-07-18 10:01:13.612000+02:00,5:15:35.224000
336,Dehydrogenated,168.0,2022-07-18 10:16:13.600000+02:00,2022-07-18 14:46:13.613000+02:00,4:30:00.013000
337,Hydrogenated,168.5,2022-07-18 15:01:13.627000+02:00,2022-07-18 18:46:13.664000+02:00,3:45:00.037000
338,Dehydrogenated,169.0,2022-07-18 19:01:13.656000+02:00,2022-07-18 23:31:13.684000+02:00,4:30:00.028000
339,Hydrogenated,169.5,2022-07-18 23:46:13.720000+02:00,2022-07-19 03:31:13.729000+02:00,3:45:00.009000
340,Dehydrogenated,170.0,2022-07-19 03:46:13.737000+02:00,2022-07-19 08:00:38.732000+02:00,4:14:24.995000
341,Hydrogenated,170.5,2022-07-19 08:15:38.735000+02:00,2022-07-19 12:00:38.770000+02:00,3:45:00.035000
342,Dehydrogenated,171.0,2022-07-19 12:15:38.764000+02:00,2022-07-19 16:45:38.827000+02:00,4:30:00.063000
343,Hydrogenated,171.5,2022-07-19 17:00:38.820000+02:00,2022-07-19 20:45:38.817000+02:00,3:44:59.997000
344,Dehydrogenated,172.0,2022-07-19 21:00:38.811000+02:00,2022-07-20 01:30:38.871000+02:00,4:30:00.060000
345,Hydrogenated,172.5,2022-07-20 01:45:38.860000+02:00,2022-07-20 05:30:38.860000+02:00,3:45:00
346,Dehydrogenated,173.0,2022-07-20 05:45:38.853000+02:00,2022-07-20 10:00:38.924000+02:00,4:15:00.071000
347,Hydrogenated,173.5,2022-07-20 10:15:38.922000+02:00,2022-07-20 14:00:38.915000+02:00,3:44:59.993000
348,Dehydrogenated,174.0,2022-07-20 14:15:38.910000+02:00,2022-07-20 18:45:38.978000+02:00,4:30:00.068000
349,Hydrogenated,174.5,2022-07-20 19:00:38.967000+02:00,2022-07-20 22:45:38.950000+02:00,3:44:59.983000
350,Dehydrogenated,175.0,2022-07-20 23:00:38.954000+02:00,2022-07-21 03:30:39.240000+02:00,4:30:00.286000
351,Hydrogenated,175.5,2022-07-21 03:45:39.160000+02:00,2022-07-21 07:30:38.994000+02:00,3:44:59.834000
352,Dehydrogenated,176.0,2022-07-21 07:45:39.200000+02:00,2022-07-21 12:00:39.390000+02:00,4:15:00.190000
353,Hydrogenated,176.5,2022-07-21 12:15:39.540000+02:00,2022-07-21 16:00:39.970000+02:00,3:45:00.430000
354,Dehydrogenated,177.0,2022-07-21 16:15:39.103000+02:00,2022-07-21 20:45:39.142000+02:00,4:30:00.039000
355,Hydrogenated,177.5,2022-07-21 21:00:39.137000+02:00,2022-07-22 00:45:39.183000+02:00,3:45:00.046000
356,Dehydrogenated,178.0,2022-07-22 01:00:39.184000+02:00,2022-07-22 05:30:38.208000+02:00,4:29:59.024000
357,Hydrogenated,178.5,2022-07-22 05:45:38.204000+02:00,2022-07-22 09:30:38.197000+02:00,3:44:59.993000
358,Dehydrogenated,179.0,2022-07-22 09:45:38.189000+02:00,2022-07-22 14:00:38.390000+02:00,4:15:00.201000
359,Hydrogenated,179.5,2022-07-22 14:15:38.380000+02:00,2022-07-22 18:00:37.974000+02:00,3:44:59.594000
360,Dehydrogenated,180.0,2022-07-22 18:15:37.979000+02:00,2022-07-22 22:45:38.178000+02:00,4:30:00.199000
361,Hydrogenated,180.5,2022-07-22 23:00:38.184000+02:00,2022-07-23 02:45:38.286000+02:00,3:45:00.102000
362,Dehydrogenated,181.0,2022-07-23 03:00:38.274000+02:00,2022-07-23 07:30:38.323000+02:00,4:30:00.049000
363,Hydrogenated,181.5,2022-07-23 07:45:38.328000+02:00,2022-07-23 11:30:38.367000+02:00,3:45:00.039000
364,Dehydrogenated,182.0,2022-07-23 11:45:38.364000+02:00,2022-07-23 16:00:38.374000+02:00,4:15:00.010000
365,Hydrogenated,182.5,2022-07-23 16:15:38.368000+02:00,2022-07-23 20:00:38.416000+02:00,3:45:00.048000
366,Dehydrogenated,183.0,2022-07-23 20:15:38.414000+02:00,2022-07-24 00:45:38.431000+02:00,4:30:00.017000
367,Hydrogenated,183.5,2022-07-24 01:00:38.444000+02:00,2022-07-24 04:45:38.453000+02:00,3:45:00.009000
368,Dehydrogenated,184.0,2022-07-24 05:00:38.470000+02:00,2022-07-24 09:30:38.488000+02:00,4:30:00.018000
369,Hydrogenated,184.5,2022-07-24 09:45:38.476000+02:00,2022-07-24 13:30:38.524000+02:00,3:45:00.048000
370,Dehydrogenated,185.0,2022-07-24 13:45:38.518000+02:00,2022-07-24 18:00:38.520000+02:00,4:15:00.002000
371,Hydrogenated,185.5,2022-07-24 18:15:38.584000+02:00,2022-07-24 22:00:38.590000+02:00,3:45:00.006000
372,Dehydrogenated,186.0,2022-07-24 22:15:38.585000+02:00,2022-07-25 02:45:38.627000+02:00,4:30:00.042000
373,Hydrogenated,186.5,2022-07-25 03:00:38.623000+02:00,2022-07-25 06:45:38.640000+02:00,3:45:00.017000
374,Dehydrogenated,187.0,2022-07-25 07:00:38.631000+02:00,2022-07-25 11:30:38.686000+02:00,4:30:00.055000
375,Hydrogenated,187.5,2022-07-25 11:45:38.674000+02:00,2022-07-25 15:30:38.692000+02:00,3:45:00.018000
376,Dehydrogenated,188.0,2022-07-25 15:45:38.686000+02:00,2022-07-25 20:00:38.755000+02:00,4:15:00.069000
377,Hydrogenated,188.5,2022-07-25 20:15:38.752000+02:00,2022-07-26 00:00:38.737000+02:00,3:44:59.985000
378,Dehydrogenated,189.0,2022-07-26 00:15:38.740000+02:00,2022-07-26 04:45:38.802000+02:00,4:30:00.062000
379,Hydrogenated,189.5,2022-07-26 05:00:38.765000+02:00,2022-07-26 08:45:38.793000+02:00,3:45:00.028000
380,Dehydrogenated,190.0,2022-07-26 09:00:38.786000+02:00,2022-07-26 13:30:38.822000+02:00,4:30:00.036000
381,Hydrogenated,190.5,2022-07-26 13:45:38.801000+02:00,2022-07-26 17:30:38.880000+02:00,3:45:00.079000
382,Dehydrogenated,191.0,2022-07-26 17:45:38.872000+02:00,2022-07-26 22:00:38.875000+02:00,4:15:00.003000
383,Hydrogenated,191.5,2022-07-26 22:15:38.872000+02:00,2022-07-27 02:00:38.907000+02:00,3:45:00.035000
384,Dehydrogenated,192.0,2022-07-27 02:15:38.905000+02:00,2022-07-27 06:45:38.937000+02:00,4:30:00.032000
385,Hydrogenated,192.5,2022-07-27 07:00:38.916000+02:00,2022-07-28 12:24:20.378000+02:00,"1 day, 5:23:41.462000"
386,Dehydrogenated,193.0,2022-07-28 12:39:20.365000+02:00,2022-07-28 16:54:20.436000+02:00,4:15:00.071000
387,Hydrogenated,193.5,2022-07-28 17:09:20.424000+02:00,2022-07-28 20:54:20.487000+02:00,3:45:00.063000
388,Dehydrogenated,194.0,2022-07-28 21:09:20.478000+02:00,2022-07-29 01:39:20.547000+02:00,4:30:00.069000
389,Hydrogenated,194.5,2022-07-29 01:54:20.545000+02:00,2022-07-29 10:31:39.879000+02:00,8:37:19.334000
390,Dehydrogenated,195.0,2022-07-29 10:46:39.880000+02:00,2022-07-29 15:16:39.954000+02:00,4:30:00.074000
391,Hydrogenated,195.5,2022-07-29 15:31:39.938000+02:00,2022-07-29 19:16:39.969000+02:00,3:45:00.031000
392,Dehydrogenated,196.0,2022-07-29 19:31:39.965000+02:00,2022-07-30 00:01:40.180000+02:00,4:30:00.215000
393,Hydrogenated,196.5,2022-07-30 00:16:40.120000+02:00,2022-07-30 04:01:40.610000+02:00,3:45:00.490000
394,Dehydrogenated,197.0,2022-07-30 04:16:40.800000+02:00,2022-07-30 08:30:38.132000+02:00,4:13:57.332000
395,Hydrogenated,197.5,2022-07-30 08:45:38.142000+02:00,2022-07-30 12:30:38.219000+02:00,3:45:00.077000
396,Dehydrogenated,198.0,2022-07-30 12:45:38.215000+02:00,2022-07-30 17:15:38.198000+02:00,4:29:59.983000
397,Hydrogenated,198.5,2022-07-30 17:30:38.265000+02:00,2022-07-30 21:15:38.324000+02:00,3:45:00.059000
398,Dehydrogenated,199.0,2022-07-30 21:30:38.314000+02:00,2022-07-31 02:00:38.347000+02:00,4:30:00.033000
399,Hydrogenated,199.5,2022-07-31 02:15:38.343000+02:00,2022-07-31 06:00:38.451000+02:00,3:45:00.108000
400,Dehydrogenated,200.0,2022-07-31 06:15:38.452000+02:00,2022-07-31 10:30:38.492000+02:00,4:15:00.040000
401,Hydrogenated,200.5,2022-07-31 10:45:38.491000+02:00,2022-07-31 14:30:38.580000+02:00,3:45:00.089000
402,Dehydrogenated,201.0,2022-07-31 14:45:38.571000+02:00,2022-07-31 19:15:38.618000+02:00,4:30:00.047000
403,Hydrogenated,201.5,2022-07-31 19:30:38.618000+02:00,2022-07-31 23:15:38.735000+02:00,3:45:00.117000
404,Dehydrogenated,202.0,2022-07-31 23:30:38.733000+02:00,2022-08-01 04:00:38.752000+02:00,4:30:00.019000
405,Hydrogenated,202.5,2022-08-01 04:15:38.746000+02:00,2022-08-01 14:41:56.920000+02:00,10:26:18.174000
406,Dehydrogenated,203.0,2022-08-01 14:56:56.936000+02:00,2022-08-01 19:11:57.320000+02:00,4:15:00.384000
407,Hydrogenated,203.5,2022-08-01 19:26:57.290000+02:00,2022-08-01 23:26:57.480000+02:00,4:00:00.190000
408,Dehydrogenated,204.0,2022-08-01 23:41:57.460000+02:00,2022-08-02 03:41:57.172000+02:00,3:59:59.712000
409,Hydrogenated,204.5,2022-08-02 03:56:57.168000+02:00,2022-08-02 08:15:40.195000+02:00,4:18:43.027000
410,Dehydrogenated,205.0,2022-08-02 08:30:40.192000+02:00,2022-08-02 12:30:40.311000+02:00,4:00:00.119000
411,Hydrogenated,205.5,2022-08-02 12:45:40.323000+02:00,2022-08-02 16:45:40.338000+02:00,4:00:00.015000
412,Dehydrogenated,206.0,2022-08-02 17:00:40.320000+02:00,2022-08-02 21:00:40.436000+02:00,4:00:00.116000
413,Hydrogenated,206.5,2022-08-02 21:15:40.422000+02:00,2022-08-03 01:30:40.416000+02:00,4:14:59.994000
414,Dehydrogenated,207.0,2022-08-03 01:45:40.430000+02:00,2022-08-03 05:45:38.540000+02:00,3:59:58.110000
415,Hydrogenated,207.5,2022-08-03 06:00:38.536000+02:00,2022-08-03 10:15:38.581000+02:00,4:15:00.045000
416,Dehydrogenated,208.0,2022-08-03 10:30:38.580000+02:00,2022-08-03 14:30:38.717000+02:00,4:00:00.137000
417,Hydrogenated,208.5,2022-08-03 14:45:38.710000+02:00,2022-08-03 18:45:38.738000+02:00,4:00:00.028000
418,Dehydrogenated,209.0,2022-08-03 19:00:38.739000+02:00,2022-08-03 23:00:38.824000+02:00,4:00:00.085000
419,Hydrogenated,209.5,2022-08-03 23:15:38.823000+02:00,2022-08-04 03:30:38.888000+02:00,4:15:00.065000
420,Dehydrogenated,210.0,2022-08-04 03:45:38.884000+02:00,2022-08-04 07:45:38.959000+02:00,4:00:00.075000
421,Hydrogenated,210.5,2022-08-04 08:00:38.960000+02:00,2022-08-05 14:05:06.629000+02:00,"1 day, 6:04:27.669000"
422,Dehydrogenated,211.0,2022-08-05 14:20:06.644000+02:00,2022-08-05 18:20:06.703000+02:00,4:00:00.059000
423,Hydrogenated,211.5,2022-08-05 18:35:06.699000+02:00,2022-08-05 22:50:06.760000+02:00,4:15:00.061000
424,Dehydrogenated,212.0,2022-08-05 23:05:06.750000+02:00,2022-08-06 03:05:06.817000+02:00,4:00:00.067000
425,Hydrogenated,212.5,2022-08-06 03:20:06.802000+02:00,2022-08-06 07:30:38.930000+02:00,4:10:32.128000
426,Dehydrogenated,213.0,2022-08-06 07:45:38.922000+02:00,2022-08-06 11:45:38.934000+02:00,4:00:00.012000
427,Hydrogenated,213.5,2022-08-06 12:00:38.924000+02:00,2022-08-06 16:15:39.320000+02:00,4:15:00.396000
428,Dehydrogenated,214.0,2022-08-06 16:30:39.380000+02:00,2022-08-06 20:30:39.110000+02:00,3:59:59.730000
429,Hydrogenated,214.5,2022-08-06 20:45:39.107000+02:00,2022-08-07 00:45:39.153000+02:00,4:00:00.046000
430,Dehydrogenated,215.0,2022-08-07 01:00:39.213000+02:00,2022-08-07 05:00:38.214000+02:00,3:59:59.001000
431,Hydrogenated,215.5,2022-08-07 05:15:38.259000+02:00,2022-08-07 09:30:38.293000+02:00,4:15:00.034000
432,Dehydrogenated,216.0,2022-08-07 09:45:38.299000+02:00,2022-08-07 13:45:38.357000+02:00,4:00:00.058000
433,Hydrogenated,216.5,2022-08-07 14:00:38.354000+02:00,2022-08-07 18:15:38.440000+02:00,4:15:00.086000
434,Dehydrogenated,217.0,2022-08-07 18:30:38.462000+02:00,2022-08-07 22:30:38.473000+02:00,4:00:00.011000
435,Hydrogenated,217.5,2022-08-07 22:45:38.518000+02:00,2022-08-08 11:05:41.397000+02:00,12:20:02.879000
436,Dehydrogenated,218.0,2022-08-08 11:20:41.393000+02:00,2022-08-08 13:35:41.443000+02:00,2:15:00.050000
437,Hydrogenated,218.5,2022-08-08 13:50:41.435000+02:00,2022-08-09 10:30:38.717000+02:00,20:39:57.282000
438,Dehydrogenated,219.0,2022-08-09 10:45:38.736000+02:00,2022-08-09 13:45:38.786000+02:00,3:00:00.050000
439,Hydrogenated,219.5,2022-08-09 14:00:38.783000+02:00,2022-08-09 16:45:38.836000+02:00,2:45:00.053000
440,Dehydrogenated,220.0,2022-08-09 17:00:38.836000+02:00,2022-08-09 21:00:38.863000+02:00,4:00:00.027000
441,Hydrogenated,220.5,2022-08-09 21:15:38.910000+02:00,2022-08-10 01:15:38.934000+02:00,4:00:00.024000
442,Dehydrogenated,221.0,2022-08-10 01:30:38.966000+02:00,2022-08-10 04:45:39.290000+02:00,3:15:00.324000
443,Hydrogenated,221.5,2022-08-10 06:00:38.995000+02:00,2022-08-10 10:00:39.113000+02:00,4:00:00.118000
444,Dehydrogenated,222.0,2022-08-10 10:15:39.106000+02:00,2022-08-10 14:23:19.193000+02:00,4:07:40.087000
445,Hydrogenated,222.5,2022-08-10 14:38:19.178000+02:00,2022-08-10 18:38:19.248000+02:00,4:00:00.070000
446,Dehydrogenated,223.0,2022-08-10 18:53:19.240000+02:00,2022-08-10 22:53:19.254000+02:00,4:00:00.014000
447,Hydrogenated,223.5,2022-08-10 23:08:19.263000+02:00,2022-08-11 03:23:19.332000+02:00,4:15:00.069000
448,Dehydrogenated,224.0,2022-08-11 03:38:19.325000+02:00,2022-08-11 07:30:38.402000+02:00,3:52:19.077000
449,Hydrogenated,224.5,2022-08-11 07:45:38.399000+02:00,2022-08-11 12:00:38.498000+02:00,4:15:00.099000
450,Dehydrogenated,225.0,2022-08-11 12:15:38.497000+02:00,2022-08-11 16:15:38.535000+02:00,4:00:00.038000
451,Hydrogenated,225.5,2022-08-11 16:30:38.542000+02:00,2022-08-11 20:45:38.586000+02:00,4:15:00.044000
452,Dehydrogenated,226.0,2022-08-11 21:00:38.581000+02:00,2022-08-12 01:00:38.705000+02:00,4:00:00.124000
453,Hydrogenated,226.5,2022-08-12 01:15:38.687000+02:00,2022-08-15 14:48:09.498000+02:00,"3 days, 13:32:30.811000"
454,Dehydrogenated,227.0,2022-08-15 15:03:09.485000+02:00,2022-08-15 18:48:09.572000+02:00,3:45:00.087000
455,Hydrogenated,227.5,2022-08-15 19:03:09.548000+02:00,2022-08-15 23:18:09.596000+02:00,4:15:00.048000
456,Dehydrogenated,228.0,2022-08-15 23:33:09.642000+02:00,2022-08-16 03:33:09.654000+02:00,4:00:00.012000
457,Hydrogenated,228.5,2022-08-16 03:48:09.670000+02:00,2022-08-16 08:00:38.718000+02:00,4:12:29.048000
458,Dehydrogenated,229.0,2022-08-16 08:15:38.726000+02:00,2022-08-16 12:15:38.758000+02:00,4:00:00.032000
459,Hydrogenated,229.5,2022-08-16 12:30:38.763000+02:00,2022-08-16 16:45:38.829000+02:00,4:15:00.066000
460,Dehydrogenated,230.0,2022-08-16 17:00:38.824000+02:00,2022-08-16 21:00:38.920000+02:00,4:00:00.096000
461,Hydrogenated,230.5,2022-08-16 21:15:38.912000+02:00,2022-08-17 01:30:38.953000+02:00,4:15:00.041000
462,Dehydrogenated,231.0,2022-08-17 01:45:38.947000+02:00,2022-08-17 05:30:39.280000+02:00,3:45:00.333000
463,Hydrogenated,231.5,2022-08-17 05:45:39.250000+02:00,2022-08-17 10:00:38.102000+02:00,4:14:58.852000
464,Dehydrogenated,232.0,2022-08-17 10:15:38.980000+02:00,2022-08-17 14:01:04.286000+02:00,3:45:25.306000
465,Hydrogenated,232.5,2022-08-17 14:16:04.325000+02:00,2022-08-17 14:16:04.325000+02:00,0:00:00
466,Dehydrogenated,233.0,2022-08-17 14:31:04.316000+02:00,2022-08-17 16:46:04.392000+02:00,2:15:00.076000
467,Hydrogenated,233.5,2022-08-17 17:01:04.352000+02:00,2022-08-18 10:16:04.279000+02:00,17:14:59.927000
468,Dehydrogenated,234.0,2022-08-18 10:31:04.295000+02:00,2022-08-18 16:30:22.401000+02:00,5:59:18.106000
469,Hydrogenated,234.5,2022-08-18 16:45:22.396000+02:00,2022-09-22 09:00:44.715000+02:00,"34 days, 16:15:22.319000"
470,Dehydrogenated,235.0,2022-09-22 09:15:44.770000+02:00,2022-09-22 09:46:10.969000+02:00,0:30:26.199000
471,Hydrogenated,235.5,2022-09-22 10:01:10.967000+02:00,2022-09-23 09:30:44.172000+02:00,23:29:33.205000
472,Dehydrogenated,236.0,2022-09-23 09:45:44.165000+02:00,2022-09-23 14:15:44.243000+02:00,4:30:00.078000
473,Hydrogenated,236.5,2022-09-23 14:30:44.246000+02:00,2022-09-26 15:25:04.348000+02:00,"3 days, 0:54:20.102000"
474,Dehydrogenated,237.0,2022-09-26 15:40:04.388000+02:00,2022-09-26 19:25:04.396000+02:00,3:45:00.008000
475,Hydrogenated,237.5,2022-09-26 19:40:04.415000+02:00,2022-09-27 00:10:04.447000+02:00,4:30:00.032000
476,Dehydrogenated,238.0,2022-09-27 00:25:04.463000+02:00,2022-09-27 04:10:04.540000+02:00,3:45:00.077000
477,Hydrogenated,238.5,2022-09-27 04:25:04.540000+02:00,2022-09-27 08:45:44.604000+02:00,4:20:40.064000
478,Dehydrogenated,239.0,2022-09-27 09:00:44.592000+02:00,2022-09-27 12:45:44.644000+02:00,3:45:00.052000
479,Hydrogenated,239.5,2022-09-27 13:00:44.649000+02:00,2022-09-27 17:30:44.688000+02:00,4:30:00.039000
480,Dehydrogenated,240.0,2022-09-27 17:45:44.682000+02:00,2022-09-27 21:30:44.793000+02:00,3:45:00.111000
481,Hydrogenated,240.5,2022-09-27 21:45:44.788000+02:00,2022-09-28 02:15:44.827000+02:00,4:30:00.039000
482,Dehydrogenated,241.0,2022-09-28 02:30:44.821000+02:00,2022-09-28 06:00:44.879000+02:00,3:30:00.058000
483,Hydrogenated,241.5,2022-09-28 06:15:44.888000+02:00,2022-09-28 10:30:44.912000+02:00,4:15:00.024000
484,Dehydrogenated,242.0,2022-09-28 10:45:44.927000+02:00,2022-09-28 14:45:45.700000+02:00,4:00:00.773000
485,Hydrogenated,242.5,2022-09-28 15:00:45.300000+02:00,2022-09-28 19:15:45.710000+02:00,4:15:00.410000
486,Dehydrogenated,243.0,2022-09-28 19:30:45.680000+02:00,2022-09-28 23:30:45.119000+02:00,3:59:59.439000
487,Hydrogenated,243.5,2022-09-28 23:45:45.117000+02:00,2022-09-29 04:00:45.161000+02:00,4:15:00.044000
488,Dehydrogenated,244.0,2022-09-29 04:15:45.154000+02:00,2022-09-29 08:00:45.206000+02:00,3:45:00.052000
489,Hydrogenated,244.5,2022-09-29 08:15:45.229000+02:00,2022-09-29 12:30:45.271000+02:00,4:15:00.042000
490,Dehydrogenated,245.0,2022-09-29 12:45:45.314000+02:00,2022-09-29 16:45:45.374000+02:00,4:00:00.060000
491,Hydrogenated,245.5,2022-09-29 17:00:45.372000+02:00,2022-09-29 21:15:45.424000+02:00,4:15:00.052000
492,Dehydrogenated,246.0,2022-09-29 21:30:45.415000+02:00,2022-09-30 01:30:45.485000+02:00,4:00:00.070000
493,Hydrogenated,246.5,2022-09-30 01:45:45.473000+02:00,2022-09-30 11:47:19.689000+02:00,10:01:34.216000
494,Dehydrogenated,247.0,2022-09-30 12:02:19.698000+02:00,2022-09-30 13:47:19.789000+02:00,1:45:00.091000
495,Hydrogenated,247.5,2022-09-30 14:02:19.779000+02:00,2022-09-30 15:17:00.974000+02:00,1:14:41.195000
496,Dehydrogenated,248.0,2022-09-30 15:32:00.975000+02:00,2022-09-30 19:32:01.490000+02:00,4:00:00.515000
497,Hydrogenated,248.5,2022-09-30 19:47:01.330000+02:00,2022-09-30 23:47:01.680000+02:00,4:00:00.350000
498,Dehydrogenated,249.0,2022-10-01 00:02:01.640000+02:00,2022-10-01 04:02:01.500000+02:00,3:59:59.860000
499,Hydrogenated,249.5,2022-10-01 04:17:01.950000+02:00,2022-10-01 08:30:45.103000+02:00,4:13:43.153000
500,Dehydrogenated,250.0,2022-10-01 08:45:45.920000+02:00,2022-10-01 12:45:45.126000+02:00,3:59:59.206000
501,Hydrogenated,250.5,2022-10-01 13:00:45.129000+02:00,2022-10-01 17:15:45.230000+02:00,4:15:00.101000
502,Dehydrogenated,251.0,2022-10-01 17:30:45.227000+02:00,2022-10-01 21:30:45.264000+02:00,4:00:00.037000
503,Hydrogenated,251.5,2022-10-01 21:45:45.276000+02:00,2022-10-02 02:00:45.319000+02:00,4:15:00.043000
504,Dehydrogenated,252.0,2022-10-02 02:15:45.314000+02:00,2022-10-02 06:00:44.355000+02:00,3:44:59.041000
505,Hydrogenated,252.5,2022-10-02 06:15:44.357000+02:00,2022-10-02 10:30:44.425000+02:00,4:15:00.068000
506,Dehydrogenated,253.0,2022-10-02 10:45:44.423000+02:00,2022-10-02 14:45:44.498000+02:00,4:00:00.075000
507,Hydrogenated,253.5,2022-10-02 15:00:44.479000+02:00,2022-10-02 19:15:44.583000+02:00,4:15:00.104000
508,Dehydrogenated,254.0,2022-10-02 19:30:44.570000+02:00,2022-10-02 23:30:44.600000+02:00,4:00:00.030000
509,Hydrogenated,254.5,2022-10-02 23:45:44.600000+02:00,2022-10-03 04:00:44.722000+02:00,4:15:00.122000
510,Dehydrogenated,255.0,2022-10-03 04:15:44.670000+02:00,2022-10-03 08:00:44.716000+02:00,3:45:00.046000
511,Hydrogenated,255.5,2022-10-03 08:15:44.718000+02:00,2022-10-03 12:30:44.809000+02:00,4:15:00.091000
512,Dehydrogenated,256.0,2022-10-03 12:45:44.816000+02:00,2022-10-03 16:45:44.876000+02:00,4:00:00.060000
513,Hydrogenated,256.5,2022-10-03 17:00:44.869000+02:00,2022-10-03 21:15:44.895000+02:00,4:15:00.026000
514,Dehydrogenated,257.0,2022-10-03 21:30:44.901000+02:00,2022-10-04 01:30:44.987000+02:00,4:00:00.086000
515,Hydrogenated,257.5,2022-10-04 01:45:44.974000+02:00,2022-10-04 12:16:00.105000+02:00,10:30:15.131000
516,Dehydrogenated,258.0,2022-10-04 12:31:00.101000+02:00,2022-10-04 15:27:37.853000+02:00,2:56:37.752000
517,Hydrogenated,258.5,2022-10-04 15:42:37.876000+02:00,2022-10-04 17:12:37.866000+02:00,1:29:59.990000
518,Dehydrogenated,259.0,2022-10-04 17:27:37.869000+02:00,2022-10-04 21:27:37.929000+02:00,4:00:00.060000
519,Hydrogenated,259.5,2022-10-04 21:42:37.923000+02:00,2022-10-05 01:57:38.260000+02:00,4:15:00.337000
520,Dehydrogenated,260.0,2022-10-05 02:12:38.190000+02:00,2022-10-05 06:00:45.500000+02:00,3:48:07.310000
521,Hydrogenated,260.5,2022-10-05 06:15:45.510000+02:00,2022-10-05 10:30:45.102000+02:00,4:14:59.592000
522,Dehydrogenated,261.0,2022-10-05 10:45:45.119000+02:00,2022-10-05 14:45:45.176000+02:00,4:00:00.057000
523,Hydrogenated,261.5,2022-10-05 15:00:45.175000+02:00,2022-10-05 19:15:45.261000+02:00,4:15:00.086000
524,Dehydrogenated,262.0,2022-10-05 19:30:45.255000+02:00,2022-10-05 23:30:45.272000+02:00,4:00:00.017000
525,Hydrogenated,262.5,2022-10-05 23:45:45.283000+02:00,2022-10-06 04:00:45.358000+02:00,4:15:00.075000
526,Dehydrogenated,263.0,2022-10-06 04:15:45.349000+02:00,2022-10-06 08:00:45.412000+02:00,3:45:00.063000
527,Hydrogenated,263.5,2022-10-06 08:15:45.403000+02:00,2022-10-06 12:30:45.498000+02:00,4:15:00.095000
528,Dehydrogenated,264.0,2022-10-06 12:45:45.493000+02:00,2022-10-06 16:45:45.517000+02:00,4:00:00.024000
529,Hydrogenated,264.5,2022-10-06 17:00:45.523000+02:00,2022-10-06 21:15:45.611000+02:00,4:15:00.088000
530,Dehydrogenated,265.0,2022-10-06 21:30:45.626000+02:00,2022-10-07 01:30:45.725000+02:00,4:00:00.099000
531,Hydrogenated,265.5,2022-10-07 01:45:45.714000+02:00,2022-10-07 06:00:44.752000+02:00,4:14:59.038000
532,Dehydrogenated,266.0,2022-10-07 06:15:44.777000+02:00,2022-10-07 10:00:44.807000+02:00,3:45:00.030000
533,Hydrogenated,266.5,2022-10-07 10:15:44.805000+02:00,2022-10-07 14:16:36.241000+02:00,4:00:51.436000
534,Dehydrogenated,267.0,2022-10-07 14:31:36.286000+02:00,2022-10-07 18:31:36.299000+02:00,4:00:00.013000
535,Hydrogenated,267.5,2022-10-07 18:46:36.306000+02:00,2022-10-07 22:46:36.356000+02:00,4:00:00.050000
536,Dehydrogenated,268.0,2022-10-07 23:01:36.353000+02:00,2022-10-08 03:01:36.405000+02:00,4:00:00.052000
537,Hydrogenated,268.5,2022-10-08 03:16:36.398000+02:00,2022-10-08 07:30:44.447000+02:00,4:14:08.049000
538,Dehydrogenated,269.0,2022-10-08 07:45:44.464000+02:00,2022-10-08 11:45:44.525000+02:00,4:00:00.061000
539,Hydrogenated,269.5,2022-10-08 12:00:44.511000+02:00,2022-10-08 16:15:44.576000+02:00,4:15:00.065000
540,Dehydrogenated,270.0,2022-10-08 16:30:44.573000+02:00,2022-10-08 20:30:44.644000+02:00,4:00:00.071000
541,Hydrogenated,270.5,2022-10-08 20:45:44.637000+02:00,2022-10-09 01:00:44.714000+02:00,4:15:00.077000
542,Dehydrogenated,271.0,2022-10-09 01:15:44.708000+02:00,2022-10-09 05:00:44.749000+02:00,3:45:00.041000
543,Hydrogenated,271.5,2022-10-09 05:15:44.744000+02:00,2022-10-09 09:30:44.783000+02:00,4:15:00.039000
544,Dehydrogenated,272.0,2022-10-09 09:45:44.844000+02:00,2022-10-09 13:45:44.857000+02:00,4:00:00.013000
545,Hydrogenated,272.5,2022-10-09 14:00:44.857000+02:00,2022-10-09 18:15:44.918000+02:00,4:15:00.061000
546,Dehydrogenated,273.0,2022-10-09 18:30:44.924000+02:00,2022-10-09 22:30:44.977000+02:00,4:00:00.053000
547,Hydrogenated,273.5,2022-10-09 22:45:44.986000+02:00,2022-10-10 11:31:36.193000+02:00,12:45:51.207000
548,Dehydrogenated,274.0,2022-10-10 11:46:36.173000+02:00,2022-10-10 14:46:36.187000+02:00,3:00:00.014000
549,Hydrogenated,274.5,2022-10-10 15:02:01.906000+02:00,2022-10-10 15:20:57.923000+02:00,0:18:56.017000
550,Dehydrogenated,275.0,2022-10-10 15:35:57.918000+02:00,2022-10-10 19:20:57.952000+02:00,3:45:00.034000
551,Hydrogenated,275.5,2022-10-10 19:35:57.969000+02:00,2022-10-10 23:50:58.900000+02:00,4:15:00.931000
552,Dehydrogenated,276.0,2022-10-11 00:05:58.180000+02:00,2022-10-11 04:05:58.710000+02:00,4:00:00.530000
553,Hydrogenated,276.5,2022-10-11 04:20:58.860000+02:00,2022-10-11 08:30:45.123000+02:00,4:09:46.263000
554,Dehydrogenated,277.0,2022-10-11 08:45:45.165000+02:00,2022-10-11 12:45:45.193000+02:00,4:00:00.028000
555,Hydrogenated,277.5,2022-10-11 13:00:45.212000+02:00,2022-10-11 17:15:45.255000+02:00,4:15:00.043000
556,Dehydrogenated,278.0,2022-10-11 17:30:45.252000+02:00,2022-10-11 21:30:45.335000+02:00,4:00:00.083000
557,Hydrogenated,278.5,2022-10-11 21:45:45.310000+02:00,2022-10-12 02:00:45.385000+02:00,4:15:00.075000
558,Dehydrogenated,279.0,2022-10-12 02:15:45.369000+02:00,2022-10-12 06:00:44.424000+02:00,3:44:59.055000
559,Hydrogenated,279.5,2022-10-12 06:15:44.476000+02:00,2022-10-12 10:30:44.459000+02:00,4:14:59.983000
560,Dehydrogenated,280.0,2022-10-12 10:45:44.489000+02:00,2022-10-12 14:45:44.541000+02:00,4:00:00.052000
561,Hydrogenated,280.5,2022-10-12 15:00:44.534000+02:00,2022-10-12 19:15:44.622000+02:00,4:15:00.088000
562,Dehydrogenated,281.0,2022-10-12 19:30:44.620000+02:00,2022-10-12 23:30:44.659000+02:00,4:00:00.039000
563,Hydrogenated,281.5,2022-10-12 23:45:44.695000+02:00,2022-10-13 04:00:44.710000+02:00,4:15:00.015000
564,Dehydrogenated,282.0,2022-10-13 04:15:44.739000+02:00,2022-10-13 08:00:44.748000+02:00,3:45:00.009000
565,Hydrogenated,282.5,2022-10-13 08:15:44.765000+02:00,2022-10-13 12:30:44.831000+02:00,4:15:00.066000
566,Dehydrogenated,283.0,2022-10-13 12:45:44.821000+02:00,2022-10-13 16:45:44.877000+02:00,4:00:00.056000
567,Hydrogenated,283.5,2022-10-13 17:00:44.875000+02:00,2022-10-13 21:15:44.966000+02:00,4:15:00.091000
568,Dehydrogenated,284.0,2022-10-13 21:30:44.959000+02:00,2022-10-14 01:30:44.994000+02:00,4:00:00.035000
569,Hydrogenated,284.5,2022-10-14 01:45:45.350000+02:00,2022-10-14 06:00:45.660000+02:00,4:15:00.310000
570,Dehydrogenated,285.0,2022-10-14 06:15:45.500000+02:00,2022-10-14 10:00:45.102000+02:00,3:44:59.602000
571,Hydrogenated,285.5,2022-10-14 10:15:45.111000+02:00,2022-10-14 14:30:45.155000+02:00,4:15:00.044000
572,Dehydrogenated,286.0,2022-10-14 14:45:45.171000+02:00,2022-10-14 18:45:45.200000+02:00,4:00:00.029000
573,Hydrogenated,286.5,2022-10-14 19:00:45.216000+02:00,2022-10-14 23:15:45.288000+02:00,4:15:00.072000
574,Dehydrogenated,287.0,2022-10-14 23:30:45.281000+02:00,2022-10-15 03:30:45.373000+02:00,4:00:00.092000
575,Hydrogenated,287.5,2022-10-15 03:45:45.371000+02:00,2022-10-15 08:00:45.423000+02:00,4:15:00.052000
576,Dehydrogenated,288.0,2022-10-15 08:15:45.413000+02:00,2022-10-15 12:00:45.452000+02:00,3:45:00.039000
577,Hydrogenated,288.5,2022-10-15 12:15:45.506000+02:00,2022-10-15 16:30:45.554000+02:00,4:15:00.048000
578,Dehydrogenated,289.0,2022-10-15 16:45:45.552000+02:00,2022-10-15 20:45:45.588000+02:00,4:00:00.036000
579,Hydrogenated,289.5,2022-10-15 21:00:45.634000+02:00,2022-10-16 01:15:45.664000+02:00,4:15:00.030000
580,Dehydrogenated,290.0,2022-10-16 01:30:45.670000+02:00,2022-10-16 05:30:45.743000+02:00,4:00:00.073000
581,Hydrogenated,290.5,2022-10-16 05:45:45.708000+02:00,2022-10-16 10:00:44.784000+02:00,4:14:59.076000
582,Dehydrogenated,291.0,2022-10-16 10:15:44.826000+02:00,2022-10-16 14:00:44.836000+02:00,3:45:00.010000
583,Hydrogenated,291.5,2022-10-16 14:15:44.839000+02:00,2022-10-16 18:30:44.910000+02:00,4:15:00.071000
584,Dehydrogenated,292.0,2022-10-16 18:45:44.949000+02:00,2022-10-16 22:45:44.969000+02:00,4:00:00.020000
585,Hydrogenated,292.5,2022-10-16 23:00:44.994000+02:00,2022-10-17 03:15:45.340000+02:00,4:15:00.346000
586,Dehydrogenated,293.0,2022-10-17 03:30:45.200000+02:00,2022-10-17 07:30:45.870000+02:00,4:00:00.670000
587,Hydrogenated,293.5,2022-10-17 07:45:45.103000+02:00,2022-10-17 12:51:15.169000+02:00,5:05:30.066000
588,Dehydrogenated,294.0,2022-10-17 13:06:15.170000+02:00,2022-10-17 15:51:15.242000+02:00,2:45:00.072000
589,Hydrogenated,294.5,2022-10-17 16:06:15.240000+02:00,2022-10-18 11:46:09.697000+02:00,19:39:54.457000
590,Dehydrogenated,295.0,2022-10-18 12:01:09.752000+02:00,2022-10-18 16:01:09.756000+02:00,4:00:00.004000
591,Hydrogenated,295.5,2022-10-18 16:16:09.773000+02:00,2022-10-18 20:16:09.828000+02:00,4:00:00.055000
592,Dehydrogenated,296.0,2022-10-18 20:31:09.821000+02:00,2022-10-19 00:31:09.902000+02:00,4:00:00.081000
593,Hydrogenated,296.5,2022-10-19 00:46:09.898000+02:00,2022-10-19 05:01:09.969000+02:00,4:15:00.071000
594,Dehydrogenated,297.0,2022-10-19 05:16:09.963000+02:00,2022-10-19 09:15:45.800000+02:00,3:59:35.837000
595,Hydrogenated,297.5,2022-10-19 09:30:45.300000+02:00,2022-10-19 13:45:45.660000+02:00,4:15:00.360000
596,Dehydrogenated,298.0,2022-10-19 14:00:45.690000+02:00,2022-10-19 18:00:45.147000+02:00,3:59:59.457000
597,Hydrogenated,298.5,2022-10-19 18:15:45.149000+02:00,2022-10-19 22:15:45.197000+02:00,4:00:00.048000
598,Dehydrogenated,299.0,2022-10-19 22:30:45.199000+02:00,2022-10-20 02:30:45.225000+02:00,4:00:00.026000
599,Hydrogenated,299.5,2022-10-20 02:45:45.239000+02:00,2022-10-20 07:00:45.300000+02:00,4:15:00.061000
600,Dehydrogenated,300.0,2022-10-20 07:15:45.296000+02:00,2022-10-20 11:15:45.377000+02:00,4:00:00.081000
601,Hydrogenated,300.5,2022-10-20 11:30:45.364000+02:00,2022-10-20 15:45:45.426000+02:00,4:15:00.062000
602,Dehydrogenated,301.0,2022-10-20 16:00:45.423000+02:00,2022-10-20 20:00:45.485000+02:00,4:00:00.062000
603,Hydrogenated,301.5,2022-10-20 20:15:45.478000+02:00,2022-10-21 00:15:45.544000+02:00,4:00:00.066000
604,Dehydrogenated,302.0,2022-10-21 00:30:45.587000+02:00,2022-10-21 04:30:45.651000+02:00,4:00:00.064000
605,Hydrogenated,302.5,2022-10-21 04:45:45.636000+02:00,2022-10-24 10:15:44.709000+02:00,"3 days, 5:29:59.073000"
606,Dehydrogenated,303.0,2022-10-24 10:30:44.758000+02:00,2022-10-24 15:01:11.990000+02:00,4:30:27.232000
607,Hydrogenated,303.5,2022-10-24 15:16:11.976000+02:00,2022-10-24 17:16:12.210000+02:00,2:00:00.234000
608,Dehydrogenated,304.0,2022-10-24 17:31:12.160000+02:00,2022-10-24 21:31:12.610000+02:00,4:00:00.450000
609,Hydrogenated,304.5,2022-10-24 21:46:12.114000+02:00,2022-10-25 01:46:12.124000+02:00,4:00:00.010000
610,Dehydrogenated,305.0,2022-10-25 02:01:12.137000+02:00,2022-10-25 06:00:45.201000+02:00,3:59:33.064000
611,Hydrogenated,305.5,2022-10-25 06:15:45.196000+02:00,2022-10-25 10:30:45.256000+02:00,4:15:00.060000
612,Dehydrogenated,306.0,2022-10-25 10:45:45.260000+02:00,2022-10-25 14:45:45.294000+02:00,4:00:00.034000
613,Hydrogenated,306.5,2022-10-25 15:00:45.348000+02:00,2022-10-25 19:15:45.379000+02:00,4:15:00.031000
614,Dehydrogenated,307.0,2022-10-25 19:30:45.359000+02:00,2022-10-25 23:30:45.456000+02:00,4:00:00.097000
615,Hydrogenated,307.5,2022-10-25 23:45:45.448000+02:00,2022-10-26 04:00:45.512000+02:00,4:15:00.064000
616,Dehydrogenated,308.0,2022-10-26 04:15:45.510000+02:00,2022-10-26 08:00:44.573000+02:00,3:44:59.063000
617,Hydrogenated,308.5,2022-10-26 08:15:44.565000+02:00,2022-10-26 12:30:44.638000+02:00,4:15:00.073000
618,Dehydrogenated,309.0,2022-10-26 12:45:44.635000+02:00,2022-10-26 16:45:44.745000+02:00,4:00:00.110000
619,Hydrogenated,309.5,2022-10-26 17:00:44.743000+02:00,2022-10-26 21:15:44.771000+02:00,4:15:00.028000
620,Dehydrogenated,310.0,2022-10-26 21:30:44.775000+02:00,2022-10-27 01:30:44.828000+02:00,4:00:00.053000
621,Hydrogenated,310.5,2022-10-27 01:45:44.837000+02:00,2022-10-28 15:15:55.545000+02:00,"1 day, 13:30:10.708000"
622,Dehydrogenated,311.0,2022-10-28 15:30:55.535000+02:00,2022-10-29 15:30:45.880000+02:00,23:59:50.345000
623,Hydrogenated,311.5,2022-10-29 15:45:45.888000+02:00,2022-10-31 12:15:45.529000+01:00,"1 day, 21:29:59.641000"
624,Dehydrogenated,312.0,2022-10-31 12:30:45.540000+01:00,2022-10-31 14:46:11.768000+01:00,2:15:26.228000
625,Hydrogenated,312.5,2022-10-31 15:01:11.762000+01:00,2022-11-07 13:45:45.146000+01:00,"6 days, 22:44:33.384000"
626,Dehydrogenated,313.0,2022-11-07 13:50:41.354000+01:00,2022-11-07 13:50:41.354000+01:00,0:00:00
627,Hydrogenated,313.5,2022-11-07 14:05:41.359000+01:00,2022-11-08 13:32:29.658000+01:00,23:26:48.299000
628,Dehydrogenated,314.0,2022-11-08 13:47:56.882000+01:00,2022-11-09 05:48:26.315000+01:00,16:00:29.433000
